"study","patient","time_point","hamming_distance","overlap_length","hamming_distance_per_overlap"
"Baang","1",15,0,3704,0
"Baang","1",22,1,3704,0.000269978401727862
"Baang","1",26,0,3522,0
"Baang","1",31,0,3525,0
"Baang","1",5,0,3411,0
"Baang","1",86,1,3704,0.000269978401727862
"Baang","1",99,1,3724,0.000268528464017186
"Caccuri","1",116,3,3802,0.000789058390320884
"Caccuri","1",125,3,3802,0.000789058390320884
"Caccuri","1",146,3,3802,0.000789058390320884
"Caccuri","1",158,3,3802,0.000789058390320884
"Caccuri","1",20,0,3805,0
"Caccuri","1",222,4,3802,0.00105207785376118
"Caccuri","1",26,1,3802,0.000263019463440295
"Caccuri","1",34,1,3802,0.000263019463440295
"Caccuri","1",41,1,3802,0.000263019463440295
"Caccuri","1",48,1,3802,0.000263019463440295
"Caccuri","1",7,0,3802,0
"Chaguza","1",10,0,3805,0
"Chaguza","1",105,5,3803,0.00131475151196424
"Chaguza","1",113,7,3805,0.00183968462549277
"Chaguza","1",126,7,3805,0.00183968462549277
"Chaguza","1",133,7,3805,0.00183968462549277
"Chaguza","1",140,7,3804,0.00184016824395373
"Chaguza","1",154,7,3805,0.00183968462549277
"Chaguza","1",168,7,3805,0.00183968462549277
"Chaguza","1",18,0,3804,0
"Chaguza","1",202,7,3805,0.00183968462549277
"Chaguza","1",212,7,3805,0.00183968462549277
"Chaguza","1",217,5,3802,0.00131509731720147
"Chaguza","1",231,6,3803,0.00157770181435709
"Chaguza","1",238,7,3805,0.00183968462549277
"Chaguza","1",246,5,3800,0.00131578947368421
"Chaguza","1",25,0,3798,0
"Chaguza","1",253,5,3801,0.00131544330439358
"Chaguza","1",268,7,3805,0.00183968462549277
"Chaguza","1",274,7,3805,0.00183968462549277
"Chaguza","1",281,9,3804,0.00236593059936909
"Chaguza","1",302,7,3439,0.00203547542890375
"Chaguza","1",315,9,3426,0.00262697022767075
"Chaguza","1",322,9,3428,0.00262543757292882
"Chaguza","1",367,11,3625,0.00303448275862069
"Chaguza","1",380,12,3620,0.00331491712707182
"Chaguza","1",392,13,3620,0.00359116022099448
"Chaguza","1",56,4,3802,0.00105207785376118
"Chaguza","1",70,4,3803,0.00105180120957139
"Chaguza","1",83,5,3804,0.00131440588853838
"Choi","1",110,6,3797,0.00158019489070319
"Choi","1",112,6,3797,0.00158019489070319
"Choi","1",125,7,3797,0.00184356070582038
"Choi","1",128,8,3776,0.00211864406779661
"Choi","1",134,7,3794,0.0018450184501845
"Choi","1",57,4,3797,0.00105346326046879
"Choi","1",63,4,3797,0.00105346326046879
"Choi","1",7,0,3805,0
"Ciuffreda","1",101,0,3588,0
"Ciuffreda","1",107,0,3577,0
"Ciuffreda","1",11,0,3588,0
"Ciuffreda","1",127,0,3588,0
"Ciuffreda","1",129,3,3588,0.000836120401337793
"Ciuffreda","1",13,0,3588,0
"Ciuffreda","1",2,0,3588,0
"Ciuffreda","1",42,0,3588,0
"Ciuffreda","1",43,2,3588,0.000557413600891862
"Ciuffreda","1",5,0,3588,0
"Ciuffreda","1",61,0,3588,0
"Ciuffreda","1",64,0,3575,0
"Ciuffreda","1",7,0,3588,0
"Ciuffreda","1",80,0,3588,0
"Gandhi","1",112,1,3805,0.00026281208935611
"Gandhi","1",113,1,3805,0.00026281208935611
"Gandhi","1",116,1,3805,0.00026281208935611
"Gandhi","1",119,1,3805,0.00026281208935611
"Gandhi","1",120,1,3805,0.00026281208935611
"Gandhi","1",122,1,3805,0.00026281208935611
"Gandhi","1",123,1,3805,0.00026281208935611
"Gandhi","1",124,1,3805,0.00026281208935611
"Gandhi","1",126,1,3805,0.00026281208935611
"Gandhi","1",127,2,3805,0.000525624178712221
"Gandhi","1",128,1,3805,0.00026281208935611
"Gandhi","1",131,1,3805,0.00026281208935611
"Gandhi","1",134,2,3805,0.000525624178712221
"Gandhi","1",141,2,3805,0.000525624178712221
"Halfmann","1",11,0,3516,0
"Halfmann","1",18,0,3517,0
"Halfmann","1",184,2,3516,0.000568828213879408
"Halfmann","1",220,3,2934,0.00102249488752556
"Halfmann","1",275,2,3517,0.000568666477111174
"Halfmann","1",302,3,3517,0.000852999715666761
"Halfmann","1",304,3,3517,0.000852999715666761
"Halfmann","1",369,4,3517,0.00113733295422235
"Halfmann","1",373,4,3517,0.00113733295422235
"Halfmann","1",46,0,3516,0
"Halfmann","1",85,0,3517,0
"Harari","5",12,0,3805,0
"Harari","5",20,0,3805,0
"Harari","5",27,3,3793,0.00079093066174532
"Harari","5",30,1,3805,0.00026281208935611
"Harari","5",40,2,3805,0.000525624178712221
"Harari","5",44,1,3803,0.000262950302392848
"Harari","5",68,2,3802,0.000526038926880589
"Harari","5",75,2,3802,0.000526038926880589
"Jensen","2",11,1,3000,0.000333333333333333
"Jensen","2",15,1,3000,0.000333333333333333
"Jensen","2",19,1,3000,0.000333333333333333
"Jensen","2",20,1,2612,0.000382848392036753
"Jensen","2",22,1,2881,0.000347101700798334
"Jensen","2",6,0,2881,0
"Jensen","2",8,1,2881,0.000347101700798334
"Kemp","1",100,1,3799,0.000263227165043432
"Kemp","1",36,0,3805,0
"Kemp","1",40,0,3805,0
"Kemp","1",44,0,3805,0
"Kemp","1",49,0,3805,0
"Kemp","1",53,0,3805,0
"Kemp","1",65,0,3805,0
"Kemp","1",81,1,3799,0.000263227165043432
"Kemp","1",85,2,3805,0.000525624178712221
"Kemp","1",88,3,3747,0.000800640512409928
"Kemp","1",92,4,3805,0.00105124835742444
"Kemp","1",94,4,3805,0.00105124835742444
"Kemp","1",97,1,3799,0.000263227165043432
"Kemp","1",98,1,3799,0.000263227165043432
"Kemp","1",99,1,3799,0.000263227165043432
"Khatamzas","1",112,1,3800,0.000263157894736842
"Khatamzas","1",122,1,3800,0.000263157894736842
"Khatamzas","1",129,1,3800,0.000263157894736842
"Khatamzas","1",136,1,3799,0.000263227165043432
"Khatamzas","1",147,1,3798,0.000263296471827277
"Khatamzas","1",149,2,3800,0.000526315789473684
"Khatamzas","1",15,0,3803,0
"Khatamzas","1",22,0,3803,0
"Khatamzas","1",28,0,3803,0
"Khatamzas","1",36,0,3803,0
"Khatamzas","1",45,0,3803,0
"Khatamzas","1",49,0,3803,0
"Khatamzas","1",56,0,3803,0
"Khatamzas","1",57,0,3800,0
"Khatamzas","1",59,0,3800,0
"Khatamzas","1",63,0,3799,0
"Khatamzas","1",66,1,3800,0.000263157894736842
"Khatamzas","1",73,1,3800,0.000263157894736842
"Khatamzas","1",78,1,3800,0.000263157894736842
"Khatamzas","1",92,1,3800,0.000263157894736842
"Lee","11",15,0,3062,0
"Lee","11",21,0,3483,0
"Lee","11",34,0,3452,0
"Lee","11",35,0,3649,0
"Lee","11",51,0,3560,0
"Lee","11",53,0,3611,0
"Lee","11",55,0,3638,0
"Lee","11",57,0,3638,0
"Lee","11",64,0,3202,0
"Lee","11",9,0,3648,0
"Lee","4",148,0,3161,0
"Lee","4",175,0,2873,0
"Lee","4",294,7,3161,0.00221448908573236
"Lee","4",327,7,3161,0.00221448908573236
"Lee","4",331,7,3161,0.00221448908573236
"Lee","4",342,6,3077,0.00194995125121872
"Lee","4",37,1,2844,0.000351617440225035
"Li","1",101,0,3805,0
"Li","1",102,1,3805,0.00026281208935611
"Li","1",103,2,3805,0.000525624178712221
"Li","1",106,2,3805,0.000525624178712221
"Li","1",108,1,3805,0.00026281208935611
"Li","1",120,1,3805,0.00026281208935611
"Li","1",125,2,3805,0.000525624178712221
"Li","1",140,2,3805,0.000525624178712221
"Li","1",95,1,3805,0.00026281208935611
"Li","1",97,0,3805,0
"Lynch","1",14,0,3805,0
"Lynch","1",18,0,3805,0
"Lynch","1",42,1,3805,0.00026281208935611
"Lynch","1",56,1,3805,0.00026281208935611
"Lynch","1",63,1,3805,0.00026281208935611
"Lynch","1",71,1,3805,0.00026281208935611
"Lynch","1",77,2,3805,0.000525624178712221
"Perez","1",101,3,3617,0.000829416643627315
"Perez","1",123,3,3616,0.000829646017699115
"Perez","1",20,1,3619,0.000276319425255595
"Perez","1",33,1,3619,0.000276319425255595
"Perez","1",48,2,3619,0.000552638850511191
"Perez","1",60,4,3619,0.00110527770102238
"Perez","1",70,3,3618,0.000829187396351575
"Perez","1",79,3,3617,0.000829416643627315
"Perez","2",11,0,3804,0
"Perez","2",117,2,3622,0.000552181115405853
"Perez","2",23,0,3803,0
"Perez","2",40,0,3805,0
"Perez","2",55,0,3621,0
"Perez","2",74,0,3768,0
"Perez","2",81,0,3620,0
"Perez","2",88,0,3775,0
"Perez","2",95,0,3618,0
"Riddell","2",11,0,3795,0
"Riddell","2",111,0,3672,0
"Riddell","2",18,0,3794,0
"Riddell","2",25,0,3794,0
"Riddell","2",33,0,3794,0
"Riddell","2",51,0,3793,0
"Riddell","2",77,0,3794,0
"Riddell","2",97,1,3578,0.000279485746226942
"Riddell","3",105,0,3302,0
"Riddell","3",112,0,3560,0
"Riddell","3",119,1,3635,0.000275103163686382
"Riddell","3",137,0,3631,0
"Riddell","3",165,1,3568,0.000280269058295964
"Riddell","3",173,3,3373,0.000889415950192707
"Riddell","3",200,1,3639,0.000274800769442154
"Riddell","3",218,5,3644,0.00137211855104281
"Riddell","3",229,2,3364,0.000594530321046373
"Riddell","3",245,3,3639,0.000824402308326463
"Riddell","3",255,3,3640,0.000824175824175824
"Riddell","3",55,1,3261,0.000306654400490647
"Riddell","3",79,2,3573,0.000559753708368318
"Riddell","3",92,1,3322,0.000301023479831427
"Rockett","2",11,0,3799,0
"Rockett","2",20,0,3799,0
"Rockett","2",26,1,3799,0.000263227165043432
"Rockett","2",30,1,3799,0.000263227165043432
"Rockett","2",31,1,3799,0.000263227165043432
"Rockett","2",4,0,3799,0
"Rockett","2",7,0,3799,0
"Rockett","4",14,1,3799,0.000263227165043432
"Rockett","4",18,0,3799,0
"Rockett","4",25,0,3799,0
"Rockett","4",30,1,3799,0.000263227165043432
"Rockett","4",39,1,3799,0.000263227165043432
"Rockett","4",40,1,3799,0.000263227165043432
"Rockett","4",9,0,3799,0
"Rockett","8",11,0,3799,0
"Rockett","8",14,0,3799,0
"Rockett","8",17,0,3799,0
"Rockett","8",19,1,3799,0.000263227165043432
"Rockett","8",24,2,3799,0.000526454330086865
"Rockett","8",3,0,3799,0
"Rockett","8",30,2,3799,0.000526454330086865
"Rockett","8",31,0,3716,0
"Rockett","8",33,2,3799,0.000526454330086865
"Rockett","8",34,2,3799,0.000526454330086865
"Rockett","8",5,0,3799,0
"Sonnleitner","1",20,0,3799,0
"Sonnleitner","1",44,2,3795,0.000527009222661397
"Sonnleitner","1",50,0,3795,0
"Sonnleitner","1",56,2,3799,0.000526454330086865
"Sonnleitner","1",63,2,3799,0.000526454330086865
"Sonnleitner","1",70,2,3799,0.000526454330086865
"Sonnleitner","1",85,2,3799,0.000526454330086865
"Sonnleitner","1",91,4,3788,0.00105596620908131
"Sonnleitner","1",98,3,3788,0.000791974656810982
"Weigang","1",106,2,3793,0.000527287107830214
"Weigang","1",14,0,3805,0
"Weigang","1",140,1,3794,0.000263574064312072
"Weigang","1",42,0,3805,0
"Weigang","1",56,2,3794,0.000527148128624143
"Weigang","1",59,1,3793,0.000263643553915107
"Weigang","1",7,0,3805,0
"Weigang","1",71,2,3782,0.000528820729772607
